News Titles,Sentiment
Bitcoin Spot ETFs Register Five-Day Withdrawals Streak Ahead of Halving,Positive
Why Altcoins Were Sliding Again Today,Neutral
The tweak that made the forced divestment of TikTok much more likely,Neutral
"Procter & Gamble Tops Wall Street Forecasts on Profit, but Disappoints on Sales in Q3",Negative
Stock market today: Indexes edge lower as investors assess Israel's strike on Iran,Negative
Wall Street doesn't seem too keen on a potential Salesforce-Informatica pairing,Neutral
Green Bitcoin Mining – A Strategic Path Forward in Diverse Regulatory Landscapes,Positive
Why Nvidia Stock Plunged 10% Today,Negative
Trump media shares gain as it suggests 'potential market manipulation',Positive
What Trump is signaling with his possible Treasury and Fed picks,Neutral
Can you lose money in a high-yield savings account?,Neutral
How to sell a house fast,Neutral
Trump Media is trying to make it super hard to short its stock,Neutral
Q4 Earnings Highs And Lows: Sleep Number (NASDAQ:SNBR) Vs The Rest Of The Home Furniture Retailer Stocks,Neutral
"Bitcoin slides below $60,000 on reports Israel strikes Iran",Negative
'We are in a crisis now:' Childcare costs outpace inflation,Negative
"Worldcoin, Sam Altman’s eye-scanning crypto project, announces its own blockchain",Neutral
"Stock market today: Tech stocks smoked, Nvidia tumbles 10% to cap worst week of the year",Negative
Morning Bid: Recoiling oil and dollar sow calm as tech earnings loom,Neutral
What went wrong with US inflation,Negative
"Bitcoin ETFs Are Driving a Spot Multiplier Effect, Canaccord Says",Neutral
Forget Nvidia: These Are the 3 Tech Stocks Billionaires Can't Stop Buying,Neutral
Here’s who will pay for Biden’s student loan cancellations,Neutral
Mango Markets Exploiter Convicted of Fraud and Manipulation Over $110M Heist,Neutral
"Mortgage rates today, April 18, 2024: Rates cross 7% mark",Neutral
Here's How to Avoid 4 Terrible Mistakes I've Repeatedly Made in Cryptocurrency Investing,Neutral
Fed’s Bostic Reiterates Rate Cut Is Not Likely Until End of Year,Neutral
History Says the Nasdaq Will Continue to Soar in 2024: My Top 5 Artificial Intelligence (AI) Growth Stocks to Buy Before the Surge Continues,Positive
Prediction: This Artificial Intelligence (AI) Stock Could Be Worth More Than Microsoft 5 Years From Now,Neutral
Ether Prices in Downtrend as Bitcoin Challenges $64K,Negative
Why American Express Stock Is Charging Higher Today,Positive
Bank of America CEO: The Federal Reserve is winning the war on inflation,Positive
New York Fed’s Williams Sees No Urgency to Cut Interest Rates,Negative
Why Bitcoin's 'Monetary Maximalists' Oppose 'JPEG Enjoyers' (and Why They're Wrong),Neutral
Oil surges to highest level since October on escalating Middle East tensions,Positive
Why Arm Holdings Stock Plunged Today,Negative
10 best free checking accounts of April 2024,Neutral
US quarterly earnings to feature big growth in tech-related companies,Positive
Reflecting On Shelf-Stable Food Stocks’ Q4 Earnings: Utz (NYSE:UTZ),Neutral
Why Netflix Stock Slumped Today,Negative
"LVMH, L’Oreal Face China Pain: EMEA Earnings Week Ahead",Negative
Is Microsoft a Top Stock for Quantum Computing Right Now?,Neutral
"Stock market today: Dow snaps 6-day losing streak, Powell warns on inflation",Negative
IMF Sees OPEC+ Oil Output Lift From July in Saudi Economic Boost,Positive
"Algos Extend Oil’s Selloff, Dragging Futures to Three-Week Low",Neutral
This Is Why Grant Cardone Is Selling The Beachfront Mansion He Bought From Tommy Hilfiger for Bitcoin,Neutral
Asia Steps Up Currency Defense as Mideast Strife Roils Market,Positive
Dollar Heads for Best Run in a Year as Fed Seen Delaying Cuts,Neutral
What Migration Is Really Doing to Politics and Economies Worldwide,Neutral
Trump Media and Technology Group CEO letter to Nasdaq: Read Here,Neutral
"Meme-Coin, AI Tokens Lead Gains After Bitcoin Drop Causes $2B in Weekend Liquidations",Positive
Spot Bitcoin ETFs Surge Ahead of Halving,Positive
"CarMax (NYSE:KMX) Reports Sales Below Analyst Estimates In Q1 Earnings, Stock Drops 12.6%",Negative
Fed policymakers agree: there's no urgency to cut rates,Neutral
Crypto Trader’s $110 Million Manipulation Case Now With Jury,Neutral
"Why Bitcoin, Ethereum, and Dogecoin Slipped Over the Weekend",Negative
"Why Celsius Stock Had a Bad Week, Dropping 15%",Negative
Treasuries Stumble on Mere Mention of Fed Rate Hike by Williams,Negative
J.B. Hunt posts big Q1 earnings miss,Negative
"What is a credit union, and how do you join one?",Neutral
I bond vs. high-yield savings account: Which is better for beating inflation?,Positive
Q4 Earnings Roundup: Fiverr (NYSE:FVRR) And The Rest Of The Gig Economy Segment,Neutral
Analyst updates Johnson & Johnson stock price target after earnings,Neutral
Crypto PAC Spent Millions to Get Alabama Candidate on Path Toward Congress,Neutral
Stock Market Today: Stocks slide as Israel strike on Iran rattles markets,Neutral
"Crypto Exchange OKX's Polygon-Powered Layer 2, 'X Layer,' Hits Public Mainnet",Neutral
Q4 Earnings Highs And Lows: Cushman & Wakefield (NYSE:CWK) Vs The Rest Of The Real Estate Services Stocks,Neutral
Morning Bid: Mideast flare-up spooks markets,Neutral
Bitcoin Back Above $62K as Crypto Market Calms After Reports of Limited Damage From Israeli Attack,Negative
"Bitcoin Miners Optimistic Despite Underperformance, According to Bernstein Report",Positive
Why Tesla Stock Was Falling (Again) This Week,Negative
Marijuana Stocks Gain Momentum on Cannabis Reform Hopes,Positive
"Mortgage rates today, April 13, 2024: Rates hover near 7%",Neutral
68% of Warren Buffett's $372 Billion Portfolio Is Invested in Just 4 Stocks,Neutral
3 Top Tech Stocks to Buy in April,Positive
Tesla's EV success made it 'Magnificent.' It could also be its downfall.,Negative
Grant Cardone Sells Beachfront Mansion To Own More Bitcoin: Smart Move Or Big Mistake?,Neutral
"Runes Protocol Launches on Bitcoin, Sending Fees Soaring as Users Rush to Mint Tokens",Neutral
Is the Bitcoin Rally Over? Reasons to Stay Bullish on BTC Despite Correction,Positive
"BMO chief says US economy improving, calls California 'a strategically important market'",Positive
Amazon CEO Andy Jassy says the benefits of AI 'will astound us all',Positive
Profits surge at Goldman Sachs on Wall Street revival,Positive
"Mortgage rates today, April 16, 2024: It could be a good time to buy a house",Neutral
"Mortgage rates today, April 15, 2024: Rates are lower than 6 months ago",Neutral
Missed the S&P 500 Bull Market Recovery? Here's What to Do Right Now.,Neutral
How to finance a tiny home,Neutral
"Warren Buffett Has Over $10 Billion Invested in 7 Stocks. Here's the Best Stock to Buy Right Now, According to Wall Street.",Positive
Need a new budgeting tool? Try one of these 5 Mint alternatives,Neutral
"The stock market can rise another 13% this year even with a dwindling rate-cut outlook, Fundstrat's Tom Lee says",Positive
3 Artificial Intelligence Stocks With More Potential Than Any Cryptocurrency,Positive
US Stock Volatility Resurfaces With Tensions in the Middle East,Negative
Q4 Earnings Roundup: Entegris (NASDAQ:ENTG) And The Rest Of The Semiconductor Manufacturing Segment,Neutral
Fed's rate-cut foot-dragging grates on global peers at IMF meetings,Negative
Thailand and New Zealand vow to strengthen economic ties as they set lofty new trade goals,Positive
Wall Street is souring on Tesla's pivot away from low-cost vehicles towards autonomous driving,Negative
Student loan borrowers could see their ‘runaway interest’ erased in new debt relief plan,Neutral
"VinFast Auto Stock Has 98% Upside, According to 1 Wall Street Analyst",Positive
This 6.4%-Yielding Dividend Stock Remains an Extremely Safe Option for Passive Income,Positive
"Mester Says Fed Can Hold Rates Steady, Not In a Hurry to Cut",Neutral
Leaving Behind Bitcoin Sectarianism,Negative
"VCs are pouring hundreds of millions of dollars into Bittensor, a little-known AI crypto project",Neutral
Analysis-Ample oil supplies limit impact of MidEast flare-up on prices,Positive
Big Tech will outperform in a high interest rate environment: Wall Street pros,Positive
"Wall St ends sharply lower on mixed earnings, sticky inflation, geopolitical fears",Negative
BOE’s Mann Warns World Fragmentation Means More Inflation Shocks,Negative
A Look Back at Leisure Products Stocks' Q4 Earnings: Johnson Outdoors (NASDAQ:JOUT) Vs The Rest Of The Pack,Neutral
"Israel's long-term credit rating is downgraded by S&P, 2nd major US agency to do so, citing conflict",Negative
J&J CFO: We've 'beefed up' cardiovascular medical devices in hopes of reviving our medtech business,Positive
"Bitcoin Likely to Drop After the Halving, JPMorgan Says",Negative
OKX 'OG' Execs Tim Byun and Wei Lan Leave Crypto Exchange,Neutral
Analyst Who Called Bitcoin's Pre-Halving Rally to $70K Turns Bearish,Negative
State of Freight: How long will trucking market trough linger?,Neutral
Morning Bid: Markets unsettled by Israel-Iran tit-for-tat,Neutral
Gas prices: Why one US region will see 'stiff increases' this week,Negative
New Masters Apple Vision Pro app gives golf fans whole new way to experience the tournament,Positive
Jay Powell just made buying a home this spring even more challenging,Negative
"Emerging Market Currencies, Stocks Fall on Geopolitical Risks",Negative
Bitcoin Gains Momentum As ETF Funding Inflows Rise — Should You Ditch USD For Digital Gold?,Positive
Fed’s Jefferson Sees Steady Fed Rate Helping to Push Down Inflation,Positive
Troubled Borrowers Seen Fighting for Runway Without Fed Cuts,Negative
Justin Trudeau's government raises taxes on wealthiest Canadians in federal budget,Neutral
3 No-Brainer Stocks I'd Buy Right Now Without Hesitation,Neutral
"Fed policy on hold because of 'stalled' progress on inflation, Goolsbee says",Negative
Procter & Gamble Earnings: What To Look For From PG,Neutral
Bitcoin Miners Must Optimize to Survive,Neutral
Biden gets Trumpy on trade,Neutral
Why stocks could still rise even as rate cut hopes fade,Positive
Bitcoin’s halving will be over in a flash—but reaping the benefits could take months,Neutral
"Bitcoin First, Not Only: Fostering Widespread Adoption Through Education",Positive
Here's Why This Smart Water Meter Company's Stock Surged 23% This Week,Positive
History Says the Nasdaq Will Soar in 2024. Here's the ETF to Buy Before That Happens.,Neutral
Oil Swings as Risk-Off Mood Vies With Increased Iranian Threats,Negative
"Should You Buy Bitcoin While It's Below $70,000?",Neutral
Grant Cardone's Brother Lists His Florida Mansion for 242 Bitcoin,Neutral
AI's 'mad cow disease' problem tramples into earnings season,Negative
"Here's How Much Bitcoin You Need To Become a Millionaire, According To Michael Saylor",Neutral
Should You Buy This Beaten-Down Stock?,Neutral
"Forget Nvidia: 2 Super Semiconductor Stocks to Buy Hand Over Fist, According to Wall Street",Neutral
Gold has been hitting record highs — why there's a bullish case for silver too,Positive
Bitcoin’s Share of Crypto Market Highest Since 2021 Partly Due to ETFs,Positive
Crypto for Advisors: Bitcoin’s Supply Reduction,Negative
Pop-Up Russian Oil Traders Emerge as US Tightens Sanctions,Neutral
"Ether, Bitcoin ETFs Topped Last Week's Best Performers",Positive
Tesla stock slides as Musk pushes deeper into robotaxis,Neutral
Apple Just Posted Its Largest Single-Session Pop in Over 11 Months After Artificial Intelligence (AI) Update. Is the Magnificent Seven Stock Returning to Growth?,Positive
Antitrust fervor is gripping Washington and Silicon Valley. But lawsuits have been declining.,Negative
Here's what to do with your retirement savings when markets are shaky,Neutral
"Trump’s Fundraising Shows Reliance on Oil Sector, Wealthy Donors",Neutral
Why EV and Renewable Energy Stocks Collapsed This Week,Negative
What happens to a bank account when somebody dies?,Neutral
"Barclays, BNP, Deutsche Bank Earnings Hinge on Trading, Rates",Neutral
Bitcoin Pioneer Hal Finney Posthumously Wins New Award Named for Him,Positive
"For women who stay single, the pressure is higher to save more for retirement",Neutral
A Look Back at Education Services Stocks' Q4 Earnings: Lincoln Educational (NASDAQ:LINC) Vs The Rest Of The Pack,Neutral
"Unpacking Q4 Earnings: Wyndham (NYSE:WH) In The Context Of Other Hotels, Resorts and Cruise Lines Stocks",Neutral
Yellen says Iran's actions could cause global economic spillovers as White House vows new sanctions,Negative
"Nasdaq, S&P tumble as Netflix, chip stocks drag; AmEx boosts Dow",Negative
Q4 Earnings Highlights: Estée Lauder (NYSE:EL) Vs The Rest Of The Personal Care Stocks,Neutral
Q4 Earnings Highs And Lows: Frontdoor (NASDAQ:FTDR) Vs The Rest Of The Specialized Consumer Services Stocks,Neutral
Is Vertex Pharmaceuticals Stock a Millionaire Maker?,Neutral
Tough trucking market hits EBITDA at TriumphPay; other indicators up,Negative
How to open a bank account for someone else,Neutral
Stock market today: US indexes gain as traders try to break 4-day losing streak,Positive
USDA mortgage insurance: What it covers and how much you'll pay,Neutral
First Mover Americas: BTC Below $62.5K While Altcoins Wipe Gains,Negative
Hedge Funds Sell Off Winning Energy Stocks to Buy Soaring Oil,Positive
What To Expect From Monarch’s (MCRI) Q1 Earnings,Neutral
"Aptos Strikes DeFi Partnership With Microsoft, Brevan Howard, SK Telecom",Neutral
This Bitcoin Halving Is Different. But Is It 'Priced In'?,Neutral
Q4 Earnings Roundup: Wendy's (NASDAQ:WEN) And The Rest Of The Traditional Fast Food Segment,Neutral
How to teach kids about financial literacy — in a way they'll call 'fun',Neutral
"The Ultimate Cryptocurrency to Buy With $1,000 Today",Neutral
Stock market today: 'Magnificent 7' power stock surge after CPI-fueled sell-off,Positive
"There Are Many Bitcoin Critics Left in Finance, Despite BlackRock's Newfound Love",Neutral
"Mortgage rates today, April 11, 2024: It could be a while before rates fall",Neutral
Why Super Micro Computer Stock Just Crashed 17%,Negative
Indian IT Firms’ Outlook Seen Brighter After TCS Earnings Beat,Positive
Gold Declines as Traders Consider Odds for Later Fed Rate Cuts,Negative
Why Forestar Group Stock Was Sinking This Week,Neutral
Brazil's plans to drill for oil in the Amazon hit stiff Indigenous resistance,Negative
"Bitcoin Whales Bought $1.2B BTC Amid the Price Dip, Fueling the Quick Rebound",Positive
What Bitcoiners Are Saying About the Upcoming Bitcoin Halving,Neutral
Venture capital interest in solar plummets amid uncertain financial markets: Mercom Capital,Negative
Halving Unlikely to Unsettle Spot Bitcoin ETFs: Issuers,Neutral
"Bitcoin ATMs Flood Black, Latino Areas, Charging Fees up to 22%",Positive
Genuine Parts (GPC) Reports Q1: Everything You Need To Know Ahead Of Earnings,Neutral
One of Wall Street's favorite calls to start 2024 has flopped,Neutral
"Stock market today: Stocks sink, yields jump after inflation data torpedoes rate-cut hopes",Neutral
"3 No-Brainer Bank Stocks to Buy With $1,000 Right Now",Neutral
Disney's 'million-dollar question' post-proxy fight: Who will succeed Bob Iger?,Neutral
Stocks set to follow 'bumpier path' forward after stellar first quarter,Positive
Q4 Earnings Outperformers: United Parks & Resorts (NYSE:PRKS) And The Rest Of The Leisure Facilities Stocks,Positive
Bitcoin’s halving event is set for Friday or Saturday—why it’s hard to say exactly when,Neutral
Super Micro Computer Stock Tanked Friday. Is It Time to Sell?,Neutral
Bitcoin Futures Market Sees $5.2B Drop as Leveraged Positions Get Flushed Out,Negative
Where Biden's billions in chipmaking money have gone — and what could be next,Neutral
Unpacking Q4 Earnings: Caesars Entertainment (NASDAQ:CZR) In The Context Of Other Casino Operator Stocks,Neutral
"Stocks Fall As Geopolitics, Economic Worries Spook Investors, Chipmakers Sell Off, Bitcoin Tumbles To $60,000: What's Driving Markets Wednesday?",Negative
Biden administration restricts oil and gas leasing in 13 million acres of Alaska's petroleum reserve,Neutral
Kazakhstan’s Compensation Claims Against Kashagan Oil Firms Jump to $150 billion,Neutral
"Bitcoin Drops Below $65,000: Here's Why I'm Not Worried.",Negative
"Fed survey cites inflation, US election as key financial stability risks",Negative
Why Hilltop Holdings Stock Is Up Today,Neutral
Q4 Earnings Outperformers: Jamf (NASDAQ:JAMF) And The Rest Of The Automation Software Stocks,Positive
Fed Chair Jerome Powell has an ‘unfriendly’ message for markets: You might not be getting any rate cuts this year,Neutral
Q4 Earnings Recap: Deckers (NYSE:DECK) Tops Footwear Stocks,Positive
"How to insure deposits over $250,000",Neutral
1 Beaten-Down Growth Stock Down 38% to Buy Now in April,Negative
"Did You Get the Average $3,011 Tax Refund for Your 2023 Return? 3 No-Brainer Stocks to Buy Now",Neutral
Hong Kong Bitcoin ETFs Likely Not Available for Mainland Chinese Investors: Bloomberg,Neutral
"IMF: Outlook for world economy is brighter, though still modest by historical standards",Positive
Mark Zuckerberg overtakes Elon Musk as the world's 3rd-richest person as their companies' stocks go in opposite directions,Neutral
"Bitcoin Tumbles Below $60K, Ether Under $3K; Correction Not Over, Says Strategist",Neutral
Is Bitcoin a Millionaire Maker?,Neutral
‘A million returns every hour’: Taxpayers race to file by midnight,Neutral
Why the 2024 stock market still looks like 2023: Morning Brief,Neutral
Bitcoin Halving In 3 Days: What To Expect From BTC This Week And In 2024,Neutral
‘Mag Seven’ Power Stocks in Run-Up to US Earnings: Markets Wrap,Neutral
Fed's Powell: Elevated inflation will likely delay rate cuts this year,Negative
"Economists Boost US GDP Forecasts, See Fed Rates Higher for Longer",Positive
Why Texas has too much natural gas,Negative
Why Metropolitan Bank Holding Corp. Stock Is Up Big Today,Positive
"Adidas, Stepn partner on NFT sneakers",Neutral
Trading in Bullish Oil Options Hits Record After Iran’s Attack,Negative
L’Oreal Gains Cap Third Week of Declines for European Stocks,Positive
"Inflation Expectations Flag Fed Hike Risk, Piper Sandler Says",Neutral
Trump’s campaign is going the way of his media company,Neutral
"Ulta stock downturn is simply 'normalizing,' analyst says",Neutral
Q4 Earnings Outperformers: IPG Photonics (NASDAQ:IPGP) And The Rest Of The Semiconductor Manufacturing Stocks,Positive
"Mortgage rates today, April 14, 2024: Don't expect lower rates until autumn",Neutral
European Gas Erases Gains as Market Weighs Strike on Iran,Positive
Unpacking Q4 Earnings: Smartsheet (NYSE:SMAR) In The Context Of Other Project Management Software Stocks,Neutral
"2 Popular Artificial Intelligence (AI) Stocks to Sell Before They Drop 29% and 77%, According to Certain Wall Street Analysts",Neutral
"Bitcoin is a “Decentralized Ponzi Scheme,” JP Morgan CEO Jamie Dimon Reiterates Negative Stance",Negative
IMF expects central banks to cut rates in second half of 2024 as inflation falls,Neutral
QCP and Further Ventures Announce Partnership for Middle East Crypto Expansion,Neutral
IRS Unveils Form Your Broker May Send Next Year to Report Your Crypto Moves,Neutral
Fed's Bostic: open to a rate hike if inflation progress stalls,Neutral
2 Fed officials urge patience before any interest rate cuts,Neutral
Skittish Oil Market Enters an Uneasy Calm Over Middle East Risk,Neutral
Mortgage rates surpass 7% while home prices show no signs of declining,Positive
"If You Invested $1,000 in Bitcoin in 2013, Here's How Much You'd Have Now",Neutral
Federal funds rate: What it is and how it affects you,Neutral
Why Wall Street is balking at Netflix's decision to stop sharing subscriber data,Neutral
"Evercore strategists back dour S&P 500 view, expect weaker earnings outlook",Negative
Can you gift a certificate of deposit?,Neutral
Boeing faces rising pressure in Washington as whistleblower testifies,Negative
"Immigration, productivity, inflation: Why finding the pandemic’s ‘missing women’ could be the solution to almost every challenge facing the U.S. economy today",Neutral
"UK to Issue New Crypto, Stablecoin Legislation by July, Minister Says",Neutral
"Luxury homes are more expensive than ever, and the market is doing better than you’d think",Positive
High rates haven't always been a problem for stocks,Negative
Why Has Bitcoin Fallen?,Neutral
Missed Out on Amazon Stock? 1 Spectacular Growth Stock to Buy Instead,Negative
Q4 Earnings Outperformers: Six Flags (NYSE:SIX) And The Rest Of The Leisure Facilities Stocks,Positive
How to Choose the Best Spot Bitcoin ETF,Neutral
Q4 Earnings Highlights: Hasbro (NASDAQ:HAS) Vs The Rest Of The Toys and Electronics Stocks,Neutral
"Stocks end near flat as investors assess earnings, data",Neutral
4 Stocks to Bet on as Crypto Space Looks Poised to Regain Pace,Positive
"Single women are scraping by: Held down by the wage gap and inflation, they struggle to build wealth or emergency savings",Negative
Bitcoin Miners Are Set for a Coiled Spring Rally,Neutral
"Lovesac (NASDAQ:LOVE) Reports Sales Below Analyst Estimates In Q4 Earnings, Stock Drops 18.6%",Negative
Worsening US debt outlook seen more in gold and bitcoin than in bonds,Negative
Q4 Earnings Roundup: KLA Corporation (NASDAQ:KLAC) And The Rest Of The Semiconductor Manufacturing Segment,Neutral
United expects stronger quarterly earnings; cuts aircraft delivery estimates,Positive
Bitcoin struggles to regain momentum after weekend wipeout erased more than 10%,Negative
What is a callable CD?,Neutral
Short sellers recoup losses as rally in US stocks loses steam,Negative
"Bridgewater Adds China Stocks, Bonds After 6.4% Gain This Year",Neutral
Bitcoin Dominance Increases as Halving Nears and BTC Price Lingers Near $61K,Positive
Stocks vs. ETFs: Which should you invest in?,Neutral
Treasuries Hit as Hawkish Fed Views Keep Piling Up: Markets Wrap,Neutral
Fed's Williams and Bostic don't see any 'urgency' or 'mad-dash hurry' to cut rates,Negative
Layer N Launches Liquidity Program for DeFi Apps Supported by Peter Thiel’s Founders Fund,Neutral
"S&P 500, Nasdaq end sharply higher on soft inflation data, eyes on earnings",Negative
Unpacking Q4 Earnings: Photronics (NASDAQ:PLAB) In The Context Of Other Semiconductor Manufacturing Stocks,Neutral
"Saudi Arabia Needs Oil Price Near $100, IMF Says",Neutral
'We've evolved': Netflix explains decision to stop reporting crucial subscriber data,Neutral
Top Emerging Market Bond Rally Tested in Deja Vu Ecuador Vote,Neutral
"If You Think Artificial Intelligence (AI) Stocks are Hot, You Might Be Shocked to Find Out That These Underestimated Stocks Are Beating the Market",Negative
"Exxon’s Market Value Tops Tesla’s as Oil Rises, EV Sales Slow",Negative
Why the Fed risks relearning the painful inflation lessons of the 1970s,Negative
The best credit card picks for April 2024,Positive
"Tech earnings season is coming, and AI is top of mind",Neutral
Casino Operator Stocks Q4 Earnings Review: Wynn Resorts (NASDAQ:WYNN) Shines,Neutral
Bitcoin Halving Partially Priced In With No Big Rally Expected Afterward: Deutsche Bank,Neutral
"AI will change work, for better and worse",Positive
What the fresh march higher in oil means for world markets,Neutral
"Mortgage rates today, April 19, 2024: Rates up for third straight week",Neutral
"Iran Oil Sanctions May Be Added to Ukraine Package, Senator Says",Neutral
Q4 Earnings Highs And Lows: WideOpenWest (NYSE:WOW) Vs The Rest Of The Cable and Satellite Stocks,Neutral
"Arm Holdings Stock Has 45% Upside, According to 1 Wall Street Analyst",Positive
"Morning Bid: Eyes switch to earnings, China trade miss, tense Middle East",Negative
Bitcoin Rebounds From Losses Sparked by Geopolitical Tension,Positive
Oil settles down 3% as demand worries outweigh Middle East supply risks,Negative
"AIA’s $100 Billion Stock Selloff Defies Bulls, Trading History",Neutral
"Ford targets Tesla owners with $1,500 EV 'conquest' rebates",Neutral
24-hour stock trading: Here are the brokers with overnight trading,Neutral
Google seeks to monetize AI investments with AI security add-on for Workspace,Neutral
Santander Chairman Botin Sees Economy In ‘Super-Soft Landing’,Neutral
Chile Central Bank Sees Moderate Inflation Impact From Peso,Neutral
3 Top Artificial Intelligence Cryptocurrencies,Neutral
VistaJet Yearly Earnings Drop as Private Jet Firm’s Debt Pile Grows,Negative
Netflix Crushed Subscriber Estimates. Why Is the Stock Down?,Negative
Why Virgin Galactic Stock Just Crashed 16.5%,Negative
How to determine your tax withholding to avoid surprises next filing season,Neutral
"3M Stock Has 20% Upside, According to 1 Wall Street Analyst",Positive
Goldman Sachs profit beats as investment banking fuels highest earnings since 2021,Positive
"Ether, Altcoins Remain Under Pressure Following Volatile Weekend",Negative
This Billionaire Warren Buffett Disciple Has 70% of His American Portfolio in Just 2 Stocks,Neutral
Varo Believe Card review: Build credit with 0% APR and no fees,Neutral
"Stablecoin Tether gets boost as dollar alternative in emerging markets, CEO says",Positive
Q4 Earnings Highs And Lows: Vital Farms (NASDAQ:VITL) Vs The Rest Of The Perishable Food Stocks,Neutral
"Tesla asks shareholders to reinstate Musk's $56 billion pay package, approve move to Texas",Neutral
"The Protocol: Bitcoin Halving Spectacular, With Runes, 'Epic Sat,' Stacks Nakamoto",Neutral
IMF Boss Says ‘All Eyes’ on US Amid Risks to Global Economy,Negative
Bitcoin Miners Face Pressure in Norway as New Legislation for Data Centers Implemented,Negative
Unpacking Q4 Earnings: Leggett & Platt (NYSE:LEG) In The Context Of Other Home Furnishings Stocks,Neutral
Why Hims & Hers Stock Was Down This Week,Negative
Bitcoin’s latest crash shows crypto is no haven during wartime,Neutral
Your home inspection checklist: What to expect on inspection day,Neutral
Why Redfin Stock Was Plummeting This Week,Negative
Wall Street 'fear gauge' flashes as volatility dogs US stocks,Negative
"The Bitcoin Halving Is Here, and With It a Giant Surge in Transaction Fees",Positive
"US economic activity expanded slightly in recent weeks, Fed says",Neutral
"AMD Has 30% Upside, According to This Wall Street Analyst",Positive
"5 key issues that must be addressed on Tesla's upcoming analyst call for the stock to avoid even 'darker days,' Wedbush says",Negative
"Super Micro Computer stock crashes 23%, drags down AI darling Nvidia after it doesn't preannounce earnings",Negative
Telegram’s Durov advocates for crypto-like privacy tools,Neutral
Escalating Middle East tensions a fresh jolt to world markets,Neutral
"Taiwan Semiconductor Manufacturing Stock Has 21% Upside, According to 1 Wall Street Analyst",Positive
Q4 Earnings Outperformers: PENN Entertainment (NASDAQ:PENN) And The Rest Of The Casino Operator Stocks,Neutral
This week in Bidenomics: A Middle East breather,Neutral
Q4 Earnings Highs And Lows: Sprouts (NASDAQ:SFM) Vs The Rest Of The Non-Discretionary Retail Stocks,Positive
Big bank profits likely fell in first quarter but investors don't seem worried,Negative
Unrelenting interest income pressure weighs down PNC's earnings,Negative
What Is Bitcoin Meant to Hedge?,Neutral
Bitcoin Dips Below $62.5K as CoinDesk's BTC Trend Indicator Turns Neutral,Negative
Biden’s twin adversaries: Iran and gas prices,Neutral
AI will reshape the business world — here's where it's hitting first: Chart of the Week,Neutral
Stock market today: S&P 500 slides for 5th straight day,Neutral
"Stock market today: Tech leads stock slide, Nvidia falls almost 4%",Neutral
"Geopolitical Tensions Weigh On Asia And Europe Markets, Gold Trades Near $2,400 - Global Markets Today While US Slept",Negative
Donald Trump's $5.7 Million Crypto Portfolio: How Many Cryptocurrencies Does Trump Own?,Neutral
Q4 Earnings Roundup: Zuora (NYSE:ZUO) And The Rest Of The Finance and HR Software Segment,Neutral
Why Meta Platforms Stock Flopped on Friday,Negative
Lindner Says Germany Should Avoid Copying US IRA as It Doesn’t Reduce Inflation,Neutral
Why Autodesk Stock Slipped This Week,Negative
US reimposes oil sanctions on Venezuela as hopes for a fair presidential election fades,Negative
These 3 Artificial Intelligence (AI) Cryptos Are Rocketing Higher Today,Positive
"Kraken Launches Open-Source, Self-Custodial Crypto Wallet",Positive
FreightTech Friday: Gartner critiques real-time-visibility market players,Negative
Why employers should (and have to) hire older workers,Neutral
Analyst reviews Palantir stock price target ahead of earnings,Neutral
"Mortgage rates today, April 10, 2024: Don’t hold out for lower rates",Neutral
The Fed's deadline for rate cuts this year is sooner than you think: Morning Brief,Neutral
Analysts revamp Diamondback Energy's stock price target ahead of earnings,Neutral
A Look Back at Media Stocks' Q4 Earnings: Warner Bros. Discovery (NASDAQ:WBD) Vs The Rest Of The Pack,Neutral
Franklin Templeton: Runes Could Help Bitcoin Bridge the Gap in the Fungible Token Market,Positive
First Mover Americas: Bitcoin Price Bounces as Halving Nears,Positive
Amazon Store Card review: Rewards and financing for Amazon-only spending,Neutral
Larry Fink lashes out at BlackRock's political critics: They 'continuously lie',Neutral
'Crowded' megacap trade in US stocks awaits earnings test,Negative
Netflix shocks market with plan to stop reporting subscribers once growth wave from password-sharing crackdown is over,Negative
A Once-in-a-Generation Investment Opportunity: 1 Artificial Intelligence (AI) Growth Stock to Buy Hand Over Fist,Positive
"Bitcoin 'halving' has taken place, CoinGecko says",Neutral
Australian Miner Stocks Trail Global Peers as Iron Ore Drags,Negative
Bitcoin's Halving Is Here. Is It a Buy Now?,Neutral
"The retirement gender gap is so large, women have less savings in the best markets than men do in the worst",Negative
Bitcoin halving: What it is and how the price of the world’s biggest crypto may be affected,Neutral
Powell says taking 'longer than expected' for inflation to reach Fed's 2% target,Neutral
Unpacking Q4 Earnings: MasterCraft (NASDAQ:MCFT) In The Context Of Other Leisure Products Stocks,Neutral
First Mover Americas: Hong Kong Spot Bitcoin ETF Applicants Claim Approval,Neutral
Chase Sapphire Preferred review: A standout travel card with impressive perks,Positive
"The economy might be booming, but housing is in a recession: Top real estate CEO says he’s never seen anything like it in 20 years",Neutral
"Stock market today: S&P 500 falls back under 5,100 as Big Tech leads stock slide",Neutral
"New tariffs on Chinese metals won't impact inflation, White House says",Neutral
"IMF Lifts Growth Forecast for Global Economy, Warns of Risks",Positive
Why VinFast Auto Stock Collapsed This Week,Negative
"Stocks decline as interest rate uncertainty, earnings weigh",Negative
"Runes, Casey Rodarmor's Protocol for 'Sh!tcoins' on Bitcoin, Set to Go Live at Halving",Neutral
New York Fed Says Quantitative Tightening Could Stop in 2025,Neutral
"Trump Media & Technology Group Allege Naked Short Selling, Seek Nasdaq's Intervention (Update-2)",Neutral
Q4 Earnings Highs And Lows: Booking (NASDAQ:BKNG) Vs The Rest Of The Consumer Internet Stocks,Neutral
Wall Street says a Wall Street revival is finally here,Neutral
"Here's How Much $1,000 In Bitcoin Will Be Worth In 2025 If Raoul Pal's Prediction Is Correct",Neutral
Global iPhone shipments drop nearly 10% as Apple's 2024 woes continue,Negative
Trump Media flags Nasdaq on possible short-selling of shares,Neutral
Leafhopper Swarms Threaten Argentina Crops and Economic Recovery,Negative
"Worldcoin, Sam Altman's Crypto Project, Is Building a Layer-2 Chain",Neutral
Indian Tech Earnings May Show Worst Is Over for Showpiece Sector,Negative
"Wall St closes lower; gold climbs amid economic, geopolitical crosswinds",Positive
Q4 Earnings Highlights: Sirius XM (NASDAQ:SIRI) Vs The Rest Of The Cable and Satellite Stocks,Neutral
Tax day is here. See what you need to know to file before the deadline.,Neutral
Fed to cut rates in September and maybe once more this year,Neutral
Cathie Wood buys $14 million of Tesla stock,Neutral
Oil settles slightly higher as Iran plays down reported Israeli attack,Positive
Taylor Swift's name is popping up on Wall Street earnings calls thanks to her massive impact on the US economy,Neutral
Rent the Runway Jumps a Record 162% After Earnings Beat,Positive
Stock market today: Tumbling tech stocks drag Wall Street to the finish line of another losing week,Negative
UnitedHealth hack looms over first-quarter earnings report,Neutral
Homebuilder stocks slide as high mortgage rates stifle April confidence reading,Negative
DeFi Firm Usual Labs Raises $7M Round Led by Kraken Ventures and IOSG Ventures,Neutral
Why big Medicare Advantage insurers may root for Biden to lose in 2024,Negative
Are Rates High Enough? Fed Resets Clock on Interest-Rate Cuts,Neutral
What To Expect From Netflix’s (NFLX) Q1 Earnings,Neutral
"Prepare for bitcoin to fall after the long-awaited halving, JPMorgan says",Neutral
"AI, Yen Are Among Hotspots to Watch in Asia This Earnings Season",Neutral
Live Nation stock tumbles on report of antitrust probe,Negative
Apple’s Services business is a bright spot in the company’s rough 2024: BofA,Positive
Capital One Walmart Rewards Mastercard review: Earn up to 5% cash back when shopping at Walmart,Neutral
Spot Bitcoin ETF Flows Fall Again as Halving Nears,Negative
"1 Top Cryptocurrency to Buy Before It Soars 5,000%, According to Cathie Wood",Neutral
"Don't buy the dip in stocks just yet as a wave of selling is about to bring the market to a bottom, according to one of the biggest bulls on Wall Street",Negative
America’s Cigarette Market Is Up for Grabs,Positive
"Fed to cut US rates 'at some point,' but no hurry, Mester says",Neutral
How to know when to sell a stock for a profit — or a loss,Neutral
Specialty Retail Stocks Q4 Earnings Review: National Vision (NASDAQ:EYE) Shines,Positive
3 Reasons to Buy Enterprise Product Parters (EPD) Stock Like There's No Tomorrow,Neutral
High interest rates are getting more challenging for even the biggest banks,Negative
A crypto wallet maker's warning about an iMessage bug sounds like a false alarm,Negative
Jamie Dimon says he feels tremendous pressure to guard over the economy and make society better,Positive
"World economy to skirt recession but growth too low, German government sources say",Negative
Advancing Crypto ETFs With Precision Data Management,Positive
Trump Media stock jumps for second day as company goes to battle with short sellers,Neutral
"Some Hedge Funds Too Big to Fail for Bond Market, IMF Says",Neutral
What If Fed Rate Hikes Are Actually Sparking US Economic Boom?,Neutral
"US regulators mulling bid to limit bonuses for Wall Street execs, WSJ reports",Neutral
IMF's Georgieva says there's 'plenty to worry about' despite recovery for many economies,Negative
"Q4 Earnings Highlights: VF Corp (NYSE:VFC) Vs The Rest Of The Apparel, Accessories and Luxury Goods Stocks",Neutral
"UFC star Renato Moicano looks to Bitcoin as defense against 'tyrant state,' inflation",Neutral
Oil Holds Steady Amid Wait for Israel’s Response to Iran Attack,Positive
Adidas and STEPN unveil NFT sneaker collaboration,Neutral
"Norway Wants to Restrict Crypto Mining by Regulating Data Centers, Lawmakers Say: Report",Neutral
Traders Pile Into Contrarian Bet That Fed Will Front-Run Cuts,Neutral
"Mortgage rates today, April 17, 2024: A strong jobs market leads to higher rates",Positive
Reflecting On Video Gaming Stocks’ Q4 Earnings: Skillz (NYSE:SKLZ),Neutral
This week in Bidenomics: Battle of the bridges,Neutral
"Inflation: Grocery prices reaccelerate, now 25% higher than pre-pandemic",Positive
"Higher oil prices, shipping disruptions create a double-edged sword for retailers",Negative
Unpacking Q4 Earnings: Lam Research (NASDAQ:LRCX) In The Context Of Other Semiconductor Manufacturing Stocks,Neutral
Crypto.com Hiring Again as Digital-Asset Employment Revives,Neutral
Best credit cards for home improvement for April 2024,Neutral
New Balance CEO details the 'next big revolution' in sneakers,Neutral
"Bitcoin Could Surge to $120K on 'Doomsday Rally,' Trader Says",Positive
Netflix upgraded and downgraded: Wall Street's top analyst calls,Negative
2 No-Brainer Vanguard ETFs to Buy With $750 During the Stock Market Sell-Off,Neutral
Q4 Earnings Roundup: Mattel (NASDAQ:MAT) And The Rest Of The Toys and Electronics Segment,Neutral
Muni Funds Lose Most Cash Since 2022 With Fed Delaying Cuts,Negative
"US dollar gains after strong data, Fed comments on rate cuts",Positive
"Chime review 2024: Accounts, rates, fees, and more",Neutral
What To Expect From Inspired Entertainment’s (INSE) Q4 Earnings,Neutral
Protecting Crypto Users Is More Important Than Faster UK Registration: FCA Executive,Neutral
Finance and HR Software Q4 Earnings: Marqeta (NASDAQ:MQ) Simply the Best,Positive
Is Toronto-Dominion the Best Dividend Stock for You?,Positive
"Paramount stock soars as Wall Street sees possible Sony, Apollo buyout as 'positive' for all shareholders",Positive
2 Fed officials offer reassurances about cuts in 2024 despite 'bumps' and 'uncertainties',Positive
Where Will Bitcoin Be in 5 Years?,Neutral
Should You Buy This Unstoppable Growth Stock and Hold Forever?,Neutral
Global Funds Sell Most Taiwan Stocks Since 2021 Amid TSMC Slump,Negative
"CHIPS Act money is starting to move, but it’ll take years to see results",Neutral
‘It Can Be Said With Confidence the SEC Is Investigating Ethereum’: Consensys’ Bill Hughes Talks Crypto Law,Neutral
Bailey Hints BOE May Be Able to Cut Rates Before Fed,Neutral
"Crypto Markets Will Be Driven by Macro Factors Following the Halving, Coinbase Says",Neutral
What is a bump-up CD?,Neutral
Q4 Earnings Roundup: TEGNA (NYSE:TGNA) And The Rest Of The Broadcasting Segment,Neutral
TSMC Cuts Chip Market Outlook as Consumer Weakness Persists,Negative
"Netflix stock sinks on disappointing revenue forecast, move to scrap membership metrics",Negative
Fed's Bostic says he is not in a 'mad dash hurry' on rate cuts,Neutral
Goldman Cautions Against Extrapolating Previous Bitcoin Halving Cycles for Price Predictions,Neutral
"Kraken Releases Own Crypto Wallet, Joining Competition With Coinbase, MetaMask",Neutral
"Indian Man Pleads Guilty to Creating Spoofed Coinbase Website, Stealing $9.5M in Crypto",Negative
"Bitcoin Rally Holds Around $63,700 Following 4th Block Reward Halving",Neutral
Crypto Exchange VALR Obtains South African License,Neutral
Indonesia Ramps Up Steps to Shield Economy From Strong Dollar,Positive
Bitcoin Miners Are Better Positioned for the Halving This Time Round: Benchmark,Positive
Cryptocurrency Investing Is a Psychological Game. Here Are the 3 Core Tricks to Winning,Neutral
Wall Street Fires Up Deals for Preferred Shares With Fed on Hold,Neutral
Donald Trump Lost $1 Million In Crypto In The Last 7 Days: Will He Sell?,Neutral
Bank of America profits drop as key lending revenue weakens,Negative
Consumers are getting frustrated with stalling inflation,Negative
PayPal ends NFT purchase protections,Neutral
Why Snap One Holdings Stock Was Crushing It This Week,Neutral
Kashkari Says Fed Could ‘Potentially’ Hold Rates Steady All Year,Neutral
A Look Back at Online Marketplace Stocks' Q4 Earnings: eBay (NASDAQ:EBAY) Vs The Rest Of The Pack,Neutral
"Bitcoin Halving Is Not a Bullish Event, Says 10x Research Analyst",Neutral
‘Mag Seven’ Get Crushed Before Next Week’s Results: Markets Wrap,Neutral
"Tesla Stock Going Down to $115, According to 1 Wall Street Analyst",Neutral
Reflecting On Semiconductor Manufacturing Stocks’ Q4 Earnings: Kulicke and Soffa (NASDAQ:KLIC),Neutral
Bitcoin vs. Ethereum vs. Dogecoin: Top cryptocurrencies compared,Neutral
The real estate sector’s unique view of 2024 — and what’s to come,Positive
Jay Powell is trying to avoid the fate of a 1970s predecessor. Biden and Trump are making that harder.,Negative
Why Altcoins Were Struggling to Tread Water on Monday,Negative
"Bitcoin Billionaire Predicts $250,000 BTC Price By End Of Year — Is It Possible?",Neutral
BofA Strategists Say Rates Jitters Are Fueling Stock Outflows,Positive
Q4 Earnings Highs And Lows: Asana (NYSE:ASAN) Vs The Rest Of The Project Management Software Stocks,Neutral
National average money market account rates for April 2024,Neutral
Why Semiconductor Stocks Were Smacked Down Today,Negative
Q4 Earnings Roundup: DigitalOcean (NYSE:DOCN) And The Rest Of The Data Storage Segment,Neutral
Analyst revises Hasbro stock price on outlook for 'Magic: The Gathering',Neutral
"Understanding Netflix, Disney Market Maneuvers: Decoding The Streaming Strategy",Neutral
"Caterpillar Stock Has 22% Upside, According to 1 Wall Street Analyst",Positive
Could Arm Holdings Stock Help You Become a Millionaire?,Neutral
"UK Lawmakers Call for Govt to Develop Crypto, Blockchain Skills Pipeline",Neutral
Where Will Palantir's Soaring Stock Be in 10 Years?,Neutral
Treasury Rally Stalls as Economic Concerns Overtake Haven Demand,Negative
BlackRock And Coinbase Explain Importance Of Bitcoin Halving In New Ad Campaigns,Neutral
"Fed could keep monetary policy tight for longer if needed, Jefferson says",Neutral
A Look Back at Leisure Products Stocks' Q4 Earnings: Harley-Davidson (NYSE:HOG) Vs The Rest Of The Pack,Neutral
Gibson Bets on Permian Strength Powering US Oil Exports Growth,Positive
Trump Media stock sinks after company announces plans to launch live TV streaming platform,Neutral
Biden uses new speech to argue Trump's tax plans are a political liability,Negative
Reflecting On Gig Economy Stocks’ Q4 Earnings: Lyft (NASDAQ:LYFT),Neutral
'The clock has struck midnight' for Tesla and Elon Musk,Neutral
Wall Street surge lifts Morgan Stanley and new CEO Ted Pick,Positive
"Down 58% From Its High, Could Riot Platforms Stock Get Help From the Bitcoin Halving?",Negative
"Small Group Of Hedge Funds Wields Dominance In US Treasury Market: 'A Concentration Of Vulnerability Has Built Up,' IMF Warns",Negative
Fed's Goolsbee: 'It makes sense to wait' before cutting rates,Neutral
"Bitcoin halving event looms, market volatility spikes",Negative
"Bitcoin Halving Seen Mostly Priced In by JPMorgan, Deutsche Bank",Neutral
Toyota debuts all-new 4Runner SUV with hybrid powertrain,Neutral
Money market account vs. money market fund: What's the difference?,Neutral
"Why Dogecoin, Solana, and Polygon Plunged This Week",Negative
Trump Media stock rebounds 47% after brutal post-IPO sell-off,Positive
'DePIN' Is Venture Capitalists' Latest Crypto Obsession. Can It Match the Hype?,Neutral
Unpacking Q4 Earnings: Flowers Foods (NYSE:FLO) In The Context Of Other Perishable Food Stocks,Neutral
"Bored Ape NFT Prices Tank to August 2022 Levels, Down 90% From Peak",Negative
Time to Pounce: 2 Superb Utility Stocks That Haven't Been This Cheap in at Least 10 Years,Neutral
Powell Signals Rate-Cut Delay After Run of Inflation Surprises,Negative
Billionaire Bill Gates Is Betting $7.1 Billion on This 1 Famous Stock,Neutral
New study calculates climate change's economic bite will hit about $38 trillion a year by 2049,Neutral
"Earnings from more banks, Netflix, and retail sales: What to know this week",Neutral
Here's What's Happening in Markets: April 19,Neutral
Retail sales topped Wall Street estimates in March,Positive
KKR is entrusting its multibillion-dollar green transition to the former CEO of oil-guzzling giant Shell,Neutral
Oil Traders Wager on $250 Price by June as War Risk Escalates,Neutral
Bank of America CEO Brian Moynihan thinks Wall Street is Fed watching way too much: ‘They don’t have the power to decide what the facts are’,Neutral
Currency Traders Turn to Options Market for Geopolitical Havens,Neutral
"Investors pull money from cash to pay tax bills, sell US stocks - BofA",Neutral
Oil holds near 3-week low as US sanctions interrupt easing tensions,Negative
"Jerome Powell pumped the brakes on rate cuts, but Goldman still eyes a soft landing because of the strong job market",Positive
Fed Says Persistent Inflation Is Seen as Top Financial Risk,Negative
Bitcoin’s Outperformance Means Some of Expected Post-Halving Rally May Have Come Early: JPMorgan,Positive
Bearish Flip in Crypto Crowd Sentiment Hints at Coming Bitcoin Price Bounce,Negative
"Fed says 1,804 banks and other institutions tapped emergency lending facility",Neutral
"Mortgage rates today, April 12, 2024: 30-year rates increase for the 3rd straight week",Neutral
Traders Are Cashing Out of Markets En Masse,Neutral
Former SEC crypto leader spars with blockchain lawyers over her agency’s controversial approach: ‘It’s not going to back off’,Negative
"DeFi’s Path to Mass Adoption Goes Through Fintech Firms, Centralized Exchanges, Morpho Labs Chief Says",Neutral
Oil Ekes Out Gain After Iran’s Muted Response to Israel Strike,Positive
"Delivery Firm Getir, Once Valued at $12 Billion, Weighs Sales and Market Exits",Negative
Biden’s Hot Economy Stokes Currency Fears for the Rest of World,Negative
12 questions to ask when buying a house,Neutral
Housing inflation still sticky in March: 'Little progress over the past nine months',Negative
OG Bitcoin L2 Stacks Is Getting a Major Overhaul,Neutral
IPO Edge’s Jannarone on Cheddar TV: Ibotta IPO and Bootcamp at Nasdaq,Neutral
Stock market today: Dow loses nearly 500 points as inflation woes meet an uneasy earnings start,Negative
"Amazon Stock Has 30% Upside, According to 1 Wall Street Analyst. Is the Stock a Buy Near Its All-Time High?",Positive
4 Proven Strategies to Develop Diamond Hands While Investing in Cryptocurrencies,Positive
"Stocks Edge Higher As Earnings Provide Support, Tesla Sinks To 15-Month Lows, Bitcoin Rebounds: What's Driving Markets Thursday?",Positive
A Look Back at Specialty Retail Stocks' Q4 Earnings: Bath and Body Works (NYSE:BBWI) Vs The Rest Of The Pack,Neutral
"Holding 0.001 Bitcoin Could Make You A Multimillionaire, According To Fidelity Director",Neutral
"Spot Bitcoin ETF Hype Dies Down, Normalcy Sets In",Negative
S&P Joins Moody’s in Downgrading Israel on Geopolitical Risk,Negative
Is Dogecoin a Millionaire Maker?,Neutral
Citi Says Wall Street Is Wrong to Slash Fed Rate-Cut Bets,Negative
A top Federal Reserve official opens door to keeping rates high for longer,Neutral
"The Fed’s probably going to hold rates steady for longer than expected. But even when that awaited rate cut comes, it may not be all that cathartic",Negative
Investors increasingly expect 'no landing' for US economy,Negative
Here's the math keeping housing inventory so low,Neutral
1 Stock I Wouldn't Touch With a 10-Foot Pole,Neutral
A Look Back at Semiconductor Manufacturing Stocks' Q1 Earnings: Semtech (NASDAQ:SMTC) Vs The Rest Of The Pack,Neutral
US cities’ mansion taxes see mixed results,Neutral
Celebrity Cruises Visa Signature review: Earn points and discounts towards your next voyage,Neutral
"Jetsons-like travel in air taxis is 'as close as we've seen,' Joby's chief product officer says",Neutral
Mortgage rates top 7% following hotter-than-expected inflation numbers,Negative
"Connexus Credit Union review 2024: Accounts, rates, fees, and more",Neutral
Why Nvidia's stock sell-off matters and what people are saying about it,Neutral
"1 Red-Hot Cryptocurrency to Buy Now. It Could Soar 525% to 5,800%, According to Certain Wall Street Analysts.",Neutral
IMF Latest: Brazil’s Haddad Sees Global Market Repricing on Fed,Neutral
You Might Be Surprised By the 2 Cryptos That Billionaire Mark Cuban Is Buying for His Portfolio,Neutral
Q4 Semiconductor Manufacturing Earnings: Nova (NASDAQ:NVMI) Earns Top Marks,Positive
2 Top Artificial Intelligence (AI) Stocks to Buy in April,Positive
JPMorgan Opens Spigot Big Bank Bond Sales After Earnings,Neutral
Stock market today: S&P 500 falls for 6th day in a row amid weakness in mega-cap tech,Negative
"Oil will top out at $95 a barrel going into summer months, says BofA analyst",Neutral
"Bitcoin Miner CEOs Are Upbeat Ahead of the Halving, Expect M&A: Bernstein",Positive
JPMorgan Strategists Say Earnings Unlikely to Boost Lofty Stocks,Negative
How to save on travel with a Costco credit card,Neutral
Oil Tests Central Banker Nerves With Mideast on ‘Knife Edge’,Neutral
Analog Semiconductors Q4 Earnings: Himax (NASDAQ:HIMX) Simply the Best,Positive
Q4 Earnings Outperformers: HashiCorp (NASDAQ:HCP) And The Rest Of The Software Development Stocks,Positive
Exploding Gold Sales at Pawnshops Offers Lesson for Bitcoin Bulls,Negative
Bitcoin Will Power the Next DeFi Summer,Neutral
"Lacking access to mainland Chinese investors, Hong Kong’s crypto ETFs will be ‘nickels and dimes’ compared with U.S. versions",Negative
Q4 Earnings Roundup: Pilgrim's Pride (NASDAQ:PPC) And The Rest Of The Perishable Food Segment,Neutral
Trump Media stock tanks on move to issue millions of shares,Neutral
"Tesla layoffs an 'ominous sign' for the company, analyst says",Neutral
"Wall Street's 'fear gauge' touches over 5-month high amid rate cut, Mideast worries",Negative
"Stocks Grapple With Geopolitical Pressures, Gold Eyes $2,400, Bitcoin Falls Below $62,000: What's Driving Markets Tuesday?",Negative
Got $500? 3 Healthcare Stocks to Buy and Hold Forever,Positive
"10-Year-Old Dogecoin Wallet Sold 5 Million DOGE, Missed Out On Millions In Profit",Neutral
2 Reliable Dividend Stocks to Buy Hand Over Fist and 1 to Avoid,Positive
Biden Limits Oil Drilling Across Alaska’s Petroleum Reserve,Neutral
Learning From Losses: Charles Harris's Lessons From Making (And Losing) Seven Figures On Tesla Stock,Negative
"Got $5,000? 3 Tech Stocks to Buy and Hold for the Long Term.",Positive
Q4 Earnings Recap: Okta (NASDAQ:OKTA) Tops Cybersecurity Stocks,Positive
U.S. Bank mortgage review 2024,Neutral
Yellen says US working to mitigate risks to global economy,Neutral
Google Searches for 'Bitcoin Halving' Get Higher Than 4/20,Positive
Best Amex credit cards for April 2024,Neutral
BPI’s Bill Nelson Sees Fed Pushing Reserves Below Resistance Point,Neutral
"Buy Bitcoin Miners' Stocks Ahead of the Halving, Bernstein Says",Positive
Q4 Gaming Solutions Earnings: Rush Street Interactive (NYSE:RSI) Impresses,Negative
"Fed Chair Powell ‘backed himself into a corner’ by predicting rate cuts this year and is now in a ‘tricky situation,’ according to this chief investment officer",Neutral
"Bitcoin Briefly Falls Below $60,000 Ahead of Halving Software Adjustment",Neutral
"Kraken Is Buying TradeStation Crypto, Expanding Cryptocurrency Exchange's U.S. Reach",Positive
